CODPROD,DESCRICAO,UNIDADE,CODFAB,EMBALAGEM,QTCLIPOS,QT,PVENDA,CLMEDPRECOUNIT,TOTPESO,VOLUME,LITRAGEM,TOTQTUNIT,TOTQTUNITCX,CLQTUNIT
113025,PAO D ALHO BAGUETE  TRAD 12X300G,UN,1446,CX12X300G,285,6986,60861.59,8.54,2095.8,16.46,0,6986,582.1666666666666,1
113024,PAO DE ALHO BAGUETE PICANT ZINHO 300G ,UN,1447,CX12X300G,189,3803,32978.07,8.49,1140.9,9.01,0,3803,316.9166666666667,1
113023,PAO DE ALHO BOLINHA TRAD ZINHO 300G,UN,1440,CX12X300G,142,2371,21564.25,8.44,711.3,6.14,0,2371,197.58333333333334,1
114641,PAO D ALHO BAGUETE TRAD RESEVERVA 300G,UN,1246,CX12X300G,184,997,7631.82,7.73,299.1,2.77,0,997,83.08333333333333,1
124178,PAO DE ALHO BAGUETE PICANT RESERVA 300G,BD,1247,CX12X300G,61,254,1972.61,7.83,76.2,0.5,0,254,21.166666666666668,1
124179,PAO DE ALHO BOLINHA RESERVA 300G,BD,1248,CX12X300G,36,105,820.81,7.94,31.5,0.17,0,105,8.75,1
113022,PAO BOLINHA CATUPIRY 12X300G,UN,1441,CX12X300G,18,61,645.55,10.64,18.3,0.09,0,61,5.083333333333333,1
123801,PAO BOLINHA LING CALABRESA ZINHO 300G,UN,1444,CX12X300G,19,61,637.34,10.37,5.05,0.09,0,61,5.083333333333333,1
