CODPROD,DESCRICAO,UNIDADE,CODFAB,EMBALAGEM,QTCLIPOS,QT,PVENDA,CLMEDPRECOUNIT,TOTPESO,VOLUME,LITRAGEM,TOTQTUNIT,TOTQTUNITCX,CLQTUNIT
124311,SALG COXINHA DE FRANGO 300G PRATIC ,BD,7765,CX8X300G,117,932,10065.53,10.82,279.6,0.65,0,932,116.5,1
124309,SALG FOLHADO DE FGO 110G PRATIC 12UN,FD,11003,CX3X12UN,58,2353,7918.82,3.35,258.83,1.86,0,2353,65.36111111111111,1
124308,SALG FOLHADO DE CARNE 110G PRATIC 12UN,FD,11002,CX3X12UN,62,2353,7873.46,3.35,258.83,1.86,0,2353,65.36111111111111,1
124307,SALG FOLHADO QJO COAL 110G  PRATIC 12UN,FD,11001,CX3X12UN,40,2028,6627.48,3.29,223.08,1.61,0,2028,56.333333333333336,1
124312,SALG BOLINHA DE QJO 300G PRATIC,BD,7772,CX8X300G,84,578,6276.76,10.89,173.4,0.42,0,578,72.25,1
124507,SALG FOLHADO 4 QUEIJOS 110G PRATIC 12UN,FD,11006,CX12X110G,51,1488,4655.76,3.16,163.68,0.06,0,1488,41.333333333333336,1
124310,SALG FOLHADO DE CALAB 110G PRATIC 12UN,FD,11004,CX3X12UN,40,1320,4438.92,3.35,1742.4,1.07,0,1320,36.666666666666664,1
124313,SALG QUIBE 250G PRATIC,BD,7789,CX8X250G,62,394,4290.56,10.9,98.5,0.24,0,394,49.25,1
124506,SALG FOLHADO DE PIZZA 110G PRATIC 12UN,FD,11005,CX12X110G,23,828,2772.48,3.33,91.08,0.12,0,828,23.0,1
